# date, icon, tech, link, link_txt cert
Jun 27 2023|images/logo/java.svg|Java Intermediate|https://www.sololearn.com/certificates/CC-VVYTTF1W|Sololearn|images/certs/java_intermediate.png
Jul 07 2023|images/logo/cpp.svg|C++ Intermediate|https://www.sololearn.com/certificates/CC-4HJLECHO|Sololearn|images/certs/cpp_intermediate.png
Jul 22 2026|images/logo/se.svg|IBM Intro Software Engineer|https://coursera.org/verify/N9PRRJ3596L2|Coursera|images/certs/intro_se.png
Jul 25 2026|images/logo/cloud.svg|IBM Intro Cloud Computing|https://www.coursera.org/verify/VPWYIOCTZJCH|Coursera|images/certs/intro_cloud.png
Jul 29 2026|images/logo/webdev.svg|IBM Intro WebDev|https://coursera.org/verify/IJX8JVQ7VRGG|Coursera|images/certs/intro_webdev.png
Jul 29 2026|images/logo/git.svg|IBM Git/Github|https://coursera.org/verify/XM55CUDCJGKV|Coursera|images/certs/git_github.png
Aug 10 2026|images/logo/react.svg|IBM ReactJS|https://coursera.org/verify/B03UVL36QAMD|Coursera|images/certs/reactjs.png
Aug 11 2026|images/logo/nodejs.svg|IBM NodeJS|https://coursera.org/verify/6W6J13JSMM8V|Coursera|images/certs/nodejs.png
Aug 12 2026|images/logo/python.svg|IBM Python Data Science|https://coursera.org/verify/UHWWYTMND54M|Coursera|images/certs/python_data.png
